<?xml version="1.0" encoding="UTF-8" standalone="yes"?>
<addon id="plugin.video.myfirstplugin"
       name="My First Plugin...XBMCHUB.COM"
       version="1.0"
       provider-name="Mikey1234">
  <requires>
    <import addon="xbmc.python" version="2.0"/>
  </requires>
  <extension point="xbmc.python.pluginsource"
            library="default.py">
        <provides>video</provides>
  </extension>
  <extension point="xbmc.addon.metadata">
    <summary lang="en">My First Plugin</summary>
    <description lang="en">my first plugin description</description>
    <platform>all</platform>
  </extension>
</addon>
